timestamp,dpid,port,rx_mbps,hits,blocked,action,baseline_mbps,threshold_mbps,training_count,trained
1788874304.777382,1,1,0.010,0,0,,,1.500,0,0
1788874306.819041,1,1,0.000,0,0,,,1.500,0,0
1788874308.821453,1,1,0.002,0,0,,,1.500,0,0
1788874310.826306,1,1,0.000,0,0,,,1.500,0,0
1788874312.832746,1,1,0.000,0,0,,,1.500,0,0
1788874314.845782,1,1,0.000,0,0,,,1.500,0,0
1788874316.859128,1,1,0.001,0,0,,,1.500,0,0
1788874318.870542,1,1,1.508,0,0,,1.508,2.262,1,0
1788874320.881090,1,1,2.057,0,0,,1.783,2.674,2,0
1788874322.887675,1,1,2.055,0,0,,1.874,2.810,3,0
1788874324.889116,1,1,2.061,0,0,,1.920,2.881,4,0
1788874325.165222,1,1,2.054,0,0,,1.947,2.921,5,1
1788874327.199687,1,1,2.062,0,0,,1.970,2.955,5,1
1788874329.212701,1,1,2.055,0,0,,1.987,2.981,5,1
1788874331.241529,1,1,0.450,0,0,,1.987,2.981,5,1
1788874333.241878,1,1,0.000,0,0,,1.987,2.981,5,1
1788874335.250848,1,1,0.000,0,0,,1.987,2.981,5,1
1788874337.274666,1,1,0.000,0,0,,1.987,2.981,5,1
1788874339.293731,1,1,0.000,0,0,,1.987,2.981,5,1
1788874341.318727,1,1,0.000,0,0,,1.987,2.981,5,1
1788874343.340629,1,1,0.000,0,0,,1.987,2.981,5,1
1788874345.344040,1,1,0.556,0,0,,1.701,2.551,5,1
1788874347.343923,1,1,5.001,1,0,,1.701,2.551,5,1
1788874349.347007,1,1,4.993,2,0,,1.701,2.551,5,1
1788874351.348590,1,1,5.002,0,0,ALLOWLIST_SUPPRESSED,1.701,2.551,5,1
1788874353.349839,1,1,5.003,1,0,,1.701,2.551,5,1
1788874355.351737,1,1,4.996,2,0,,1.701,2.551,5,1
1788874355.577497,1,1,5.001,0,0,ALLOWLIST_SUPPRESSED,1.701,2.551,5,1
1788874357.594892,1,1,4.999,1,0,,1.701,2.551,5,1
1788874359.604194,1,1,5.001,2,0,,1.701,2.551,5,1
1788874361.607584,1,1,4.998,0,0,ALLOWLIST_SUPPRESSED,1.701,2.551,5,1
1788874363.615185,1,1,5.000,1,0,,1.701,2.551,5,1
1788874365.617631,1,1,5.001,2,0,,1.701,2.551,5,1
1788874367.620367,1,1,5.000,0,0,ALLOWLIST_SUPPRESSED,1.701,2.551,5,1
1788874369.640128,1,1,4.999,1,0,,1.701,2.551,5,1
1788874371.651101,1,1,5.003,2,0,,1.701,2.551,5,1
1788874373.673803,1,1,4.998,0,0,ALLOWLIST_SUPPRESSED,1.701,2.551,5,1
1788874375.692116,1,1,5.002,1,0,,1.701,2.551,5,1
1788874377.707125,1,1,4.993,2,0,,1.701,2.551,5,1
1788874379.708627,1,1,5.009,0,0,ALLOWLIST_SUPPRESSED,1.701,2.551,5,1
1788874381.715204,1,1,4.996,1,0,,1.701,2.551,5,1
1788874383.723656,1,1,5.003,2,0,,1.701,2.551,5,1
1788874385.725639,1,1,4.995,0,1,DROP_INSTALLED,1.701,2.551,5,1
1788874386.007384,1,1,99.660,0,1,BLOCK_ACTIVE,1.701,2.551,5,1
1788874388.030504,1,1,98.147,0,1,BLOCK_ACTIVE,1.701,2.551,5,1
1788874390.040124,1,1,98.919,0,1,BLOCK_ACTIVE,1.701,2.551,5,1
1788874392.052234,1,1,99.549,0,1,BLOCK_ACTIVE,1.701,2.551,5,1
1788874394.064234,1,1,32.721,0,1,BLOCK_ACTIVE,1.701,2.551,5,1
1788874396.066787,1,1,20.577,0,1,BLOCK_ACTIVE,1.701,2.551,5,1
1788874398.122301,1,1,20.575,0,1,BLOCK_ACTIVE,1.701,2.551,5,1
1788874400.130150,1,1,20.583,0,1,BLOCK_ACTIVE,1.701,2.551,5,1
1788874402.137273,1,1,16.167,0,1,BLOCK_ACTIVE,1.701,2.551,5,1
1788874404.198052,1,1,0.001,0,1,BLOCK_ACTIVE,1.701,2.551,5,1
1788874406.237678,1,1,0.000,0,1,BLOCK_ACTIVE,1.701,2.551,5,1
1788874408.300044,1,1,0.000,0,0,DROP_REMOVED,1.701,2.551,5,1
1788874408.300641,1,1,0.000,0,0,,1.701,2.551,5,1
1788874410.359081,1,1,0.003,0,0,,1.701,2.551,5,1
1788874412.374865,1,1,0.000,0,0,,1.701,2.551,5,1
1788874414.397078,1,1,0.001,0,0,,1.701,2.551,5,1
1788874416.417291,1,1,0.000,0,0,,1.701,2.551,5,1
1788874416.654983,1,1,0.000,0,0,,1.701,2.551,5,1
1788874418.698276,1,1,0.000,0,0,,1.701,2.551,5,1
1788874420.703765,1,1,0.000,0,0,,1.701,2.551,5,1
1788874422.737286,1,1,0.000,0,0,,1.701,2.551,5,1
1788874424.777045,1,1,0.000,0,0,,1.701,2.551,5,1
1788874426.782926,1,1,0.000,0,0,,1.701,2.551,5,1
1788874428.811487,1,1,0.000,0,0,,1.701,2.551,5,1
1788874430.843346,1,1,0.000,0,0,,1.701,2.551,5,1
1788874432.896374,1,1,0.000,0,0,,1.701,2.551,5,1
1788874434.907925,1,1,0.000,0,0,,1.701,2.551,5,1
1788874436.914293,1,1,0.000,0,0,,1.701,2.551,5,1
1788874438.929599,1,1,0.000,0,0,,1.701,2.551,5,1
1788874440.944033,1,1,0.000,0,0,,1.701,2.551,5,1
1788874442.957925,1,1,0.000,0,0,,1.701,2.551,5,1
1788874444.969551,1,1,0.000,0,0,,1.701,2.551,5,1
1788874446.971231,1,1,0.000,0,0,,1.701,2.551,5,1
1788874447.206997,1,1,0.000,0,0,,1.701,2.551,5,1
1788874449.210185,1,1,0.000,0,0,,1.701,2.551,5,1
1788874451.229200,1,1,0.000,0,0,,1.701,2.551,5,1
1788874453.236666,1,1,0.000,0,0,,1.701,2.551,5,1
1788874455.250406,1,1,0.000,0,0,,1.701,2.551,5,1
1788874457.257592,1,1,0.000,0,0,,1.701,2.551,5,1
1788874459.268293,1,1,0.000,0,0,,1.701,2.551,5,1
1788874461.275248,1,1,0.000,0,0,,1.701,2.551,5,1
1788874463.279948,1,1,0.001,0,0,,1.701,2.551,5,1
1788874465.288218,1,1,0.000,0,0,,1.701,2.551,5,1
1788874467.319398,1,1,0.000,0,0,,1.701,2.551,5,1
1788874469.329782,1,1,0.000,0,0,,1.701,2.551,5,1
1788874471.351182,1,1,0.000,0,0,,1.701,2.551,5,1
1788874473.359374,1,1,0.000,0,0,,1.701,2.551,5,1
1788874475.417586,1,1,0.000,0,0,,1.701,2.551,5,1
1788874477.424664,1,1,0.000,0,0,,1.701,2.551,5,1
1788874477.682221,1,1,0.000,0,0,,1.701,2.551,5,1
1788874479.702641,1,1,0.001,0,0,,1.701,2.551,5,1
1788874481.759317,1,1,0.000,0,0,,1.701,2.551,5,1
1788874483.780934,1,1,0.000,0,0,,1.701,2.551,5,1
1788874485.837509,1,1,0.000,0,0,,1.701,2.551,5,1
1788874487.865520,1,1,0.000,0,0,,1.701,2.551,5,1
1788874489.922096,1,1,0.000,0,0,,1.701,2.551,5,1
1788874491.953665,1,1,0.000,0,0,,1.701,2.551,5,1
1788874493.958715,1,1,0.000,0,0,,1.701,2.551,5,1
1788874495.996360,1,1,0.000,0,0,,1.701,2.551,5,1
1788874498.059376,1,1,0.000,0,0,,1.701,2.551,5,1
1788874500.104058,1,1,0.000,0,0,,1.701,2.551,5,1
1788874502.160158,1,1,0.000,0,0,,1.701,2.551,5,1
1788874504.205870,1,1,0.000,0,0,,1.701,2.551,5,1
1788874506.262714,1,1,0.000,0,0,,1.701,2.551,5,1
1788874508.313128,1,1,0.000,0,0,,1.701,2.551,5,1
1788874508.594130,1,1,0.000,0,0,,1.701,2.551,5,1
1788874510.608452,1,1,0.000,0,0,,1.701,2.551,5,1
1788874512.664675,1,1,0.000,0,0,,1.701,2.551,5,1
1788874514.720102,1,1,0.000,0,0,,1.701,2.551,5,1
1788874516.733459,1,1,0.000,0,0,,1.701,2.551,5,1
1788874518.800333,1,1,0.000,0,0,,1.701,2.551,5,1
1788874520.864773,1,1,0.000,0,0,,1.701,2.551,5,1
1788874522.896767,1,1,0.000,0,0,,1.701,2.551,5,1
1788874524.952531,1,1,0.000,0,0,,1.701,2.551,5,1
1788874527.016237,1,1,0.000,0,0,,1.701,2.551,5,1
1788874529.047691,1,1,0.000,0,0,,1.701,2.551,5,1
1788874531.090807,1,1,0.000,0,0,,1.701,2.551,5,1
1788874533.154660,1,1,0.000,0,0,,1.701,2.551,5,1
1788874535.197044,1,1,0.000,0,0,,1.701,2.551,5,1
1788874537.211746,1,1,0.000,0,0,,1.701,2.551,5,1
1788874539.267644,1,1,0.000,0,0,,1.701,2.551,5,1
1788874539.540984,1,1,0.000,0,0,,1.701,2.551,5,1
1788874541.585650,1,1,0.000,0,0,,1.701,2.551,5,1
1788874543.642880,1,1,0.000,0,0,,1.701,2.551,5,1
1788874545.700034,1,1,0.000,0,0,,1.701,2.551,5,1
1788874547.730303,1,1,0.000,0,0,,1.701,2.551,5,1
1788874549.785725,1,1,0.000,0,0,,1.701,2.551,5,1
1788874551.818699,1,1,0.000,0,0,,1.701,2.551,5,1
1788874553.848655,1,1,0.000,0,0,,1.701,2.551,5,1
1788874555.855880,1,1,0.000,0,0,,1.701,2.551,5,1
1788874557.902894,1,1,0.000,0,0,,1.701,2.551,5,1
1788874559.906762,1,1,0.000,0,0,,1.701,2.551,5,1
1788874561.947092,1,1,0.000,0,0,,1.701,2.551,5,1
1788874563.954246,1,1,0.000,0,0,,1.701,2.551,5,1
1788874565.998576,1,1,0.000,0,0,,1.701,2.551,5,1
1788874568.007640,1,1,0.000,0,0,,1.701,2.551,5,1
1788874570.021739,1,1,0.000,0,0,,1.701,2.551,5,1
1788874570.253441,1,1,0.000,0,0,,1.701,2.551,5,1
1788874572.309189,1,1,0.000,0,0,,1.701,2.551,5,1
1788874574.325480,1,1,0.000,0,0,,1.701,2.551,5,1
1788874576.382551,1,1,0.000,0,0,,1.701,2.551,5,1
1788874578.399345,1,1,0.000,0,0,,1.701,2.551,5,1
1788874580.421067,1,1,0.000,0,0,,1.701,2.551,5,1
1788874582.440910,1,1,0.000,0,0,,1.701,2.551,5,1
1788874584.504519,1,1,0.000,0,0,,1.701,2.551,5,1
1788874586.531615,1,1,0.000,0,0,,1.701,2.551,5,1
1788874588.561193,1,1,0.000,0,0,,1.701,2.551,5,1
1788874590.594064,1,1,0.000,0,0,,1.701,2.551,5,1
1788874592.642928,1,1,0.000,0,0,,1.701,2.551,5,1
1788874594.674060,1,1,0.000,0,0,,1.701,2.551,5,1
1788874596.734106,1,1,0.000,0,0,,1.701,2.551,5,1
1788874598.775528,1,1,0.000,0,0,,1.701,2.551,5,1
1788874599.019092,1,1,0.000,0,0,,1.701,2.551,5,1
1788874601.026754,1,1,0.000,0,0,,1.701,2.551,5,1
1788874603.044849,1,1,0.000,0,0,,1.701,2.551,5,1
1788874605.076980,1,1,0.000,0,0,,1.701,2.551,5,1
1788874607.105625,1,1,0.000,0,0,,1.701,2.551,5,1
1788874609.130471,1,1,0.000,0,0,,1.701,2.551,5,1
1788874611.150069,1,1,0.000,0,0,,1.701,2.551,5,1
1788874613.161753,1,1,0.000,0,0,,1.701,2.551,5,1
1788874615.167167,1,1,0.000,0,0,,1.701,2.551,5,1
1788874617.221246,1,1,0.000,0,0,,1.701,2.551,5,1
1788874619.279285,1,1,0.000,0,0,,1.701,2.551,5,1
1788874621.335450,1,1,0.000,0,0,,1.701,2.551,5,1
1788874623.391233,1,1,0.000,0,0,,1.701,2.551,5,1
1788874625.416161,1,1,0.000,0,0,,1.701,2.551,5,1
1788874627.497987,1,1,0.000,0,0,,1.701,2.551,5,1
1788874629.580961,1,1,0.000,0,0,,1.701,2.551,5,1
1788874629.721976,1,1,0.000,0,0,,1.701,2.551,5,1
1788874631.759972,1,1,0.000,0,0,,1.701,2.551,5,1
1788874633.817020,1,1,0.000,0,0,,1.701,2.551,5,1
1788874635.830427,1,1,0.000,0,0,,1.701,2.551,5,1
1788874637.838907,1,1,0.000,0,0,,1.701,2.551,5,1
1788874639.845937,1,1,0.000,0,0,,1.701,2.551,5,1
