attack_relative_s,timestamp,dpid,port,rx_mbps,hits,blocked,action
-259.48432326316833,1788102529.643335,1,1,0.003,0,0,
-257.4836313724518,1788102531.644027,1,1,0.0,0,0,
-255.4831292629242,1788102533.644529,1,1,0.0,0,0,
-253.48233032226562,1788102535.645328,1,1,0.001,0,0,
-249.76573133468628,1788102539.361927,1,1,0.0,0,0,
-247.7645673751831,1788102541.363091,1,1,0.0,0,0,
-245.76306343078613,1788102543.364595,1,1,0.0,0,0,
-243.76109147071838,1788102545.366567,1,1,0.0,0,0,
-241.75940537452698,1788102547.368253,1,1,0.0,0,0,
-239.75787329673767,1788102549.369785,1,1,0.0,0,0,
-237.7569534778595,1788102551.370705,1,1,0.0,0,0,
-235.75629234313965,1788102553.371366,1,1,0.0,0,0,
-233.7551794052124,1788102555.372479,1,1,0.0,0,0,
-231.75321745872498,1788102557.374441,1,1,0.0,0,0,
-229.753178358078,1788102559.37448,1,1,0.0,0,0,
-227.7519314289093,1788102561.375727,1,1,0.0,0,0,
-225.74971747398376,1788102563.377941,1,1,0.0,0,0,
-223.74823427200317,1788102565.379424,1,1,0.0,0,0,
-221.74658226966858,1788102567.381076,1,1,0.0,0,0,
-219.74548935890198,1788102569.382169,1,1,0.0,0,0,
-216.02873826026917,1788102573.09892,1,1,0.0,0,0,
-214.02834343910217,1788102575.099315,1,1,0.0,0,0,
-212.02676033973694,1788102577.100898,1,1,0.0,0,0,
-210.02515125274658,1788102579.102507,1,1,0.0,0,0,
-208.02370738983154,1788102581.103951,1,1,0.0,0,0,
-206.02213835716248,1788102583.10552,1,1,0.0,0,0,
-204.02069234848022,1788102585.106966,1,1,0.0,0,0,
-202.01929235458374,1788102587.108366,1,1,0.0,0,0,
-200.01731729507446,1788102589.110341,1,1,0.0,0,0,
-198.01548743247986,1788102591.112171,1,1,0.0,0,0,
-196.01400542259216,1788102593.113653,1,1,0.0,0,0,
-194.01326727867126,1788102595.114391,1,1,0.0,0,0,
-155.2892782688141,1788102633.83838,1,1,0.001,0,0,
-153.28823447227478,1788102635.839424,1,1,0.0,0,0,
-151.2878394126892,1788102637.839819,1,1,0.0,0,0,
-147.5528473854065,1788102641.574811,1,1,0.0,0,0,
-145.5526864528656,1788102643.574972,1,1,0.0,0,0,
-143.55074739456177,1788102645.576911,1,1,0.0,0,0,
-141.55008935928345,1788102647.577569,1,1,0.0,0,0,
-139.54821944236755,1788102649.579439,1,1,0.0,0,0,
-137.54761934280396,1788102651.580039,1,1,0.0,0,0,
-135.54658842086792,1788102653.58107,1,1,0.0,0,0,
-133.5461163520813,1788102655.581542,1,1,0.0,0,0,
-131.54526829719543,1788102657.58239,1,1,0.0,0,0,
-129.54506731033325,1788102659.582591,1,1,0.0,0,0,
-127.54339337348938,1788102661.584265,1,1,0.0,0,0,
-125.54096245765686,1788102663.586696,1,1,0.0,0,0,
-123.54034328460693,1788102665.587315,1,1,0.0,0,0,
-121.53931832313538,1788102667.58834,1,1,0.0,0,0,
-119.53844428062439,1788102669.589214,1,1,0.0,0,0,
-117.53643226623535,1788102671.591226,1,1,0.0,0,0,
-113.79586338996887,1788102675.331795,1,1,0.0,0,0,
-111.79357433319092,1788102677.334084,1,1,0.0,0,0,
-109.79293131828308,1788102679.334727,1,1,0.0,0,0,
-107.79102230072021,1788102681.336636,1,1,0.0,0,0,
-105.78926825523376,1788102683.33839,1,1,0.0,0,0,
-103.78823637962341,1788102685.339422,1,1,0.0,0,0,
-101.78687334060669,1788102687.340785,1,1,0.0,0,0,
-99.7854642868042,1788102689.342194,1,1,0.0,0,0,
-97.78438138961792,1788102691.343277,1,1,0.0,0,0,
-95.78257036209106,1788102693.345088,1,1,0.0,0,0,
-93.7814564704895,1788102695.346202,1,1,0.0,0,0,
-91.78066325187683,1788102697.346995,1,1,0.0,0,0,
-89.77955341339111,1788102699.348105,1,1,0.0,0,0,
-87.77914047241211,1788102701.348518,1,1,0.0,0,0,
-85.77787733078003,1788102703.349781,1,1,0.0,0,0,
-83.77586531639099,1788102705.351793,1,1,0.0,0,0,
-80.02943634986877,1788102709.098222,1,1,0.0,0,0,
-78.02766036987305,1788102711.099998,1,1,0.0,0,0,
-76.02633833885193,1788102713.10132,1,1,0.0,0,0,
-74.0245373249054,1788102715.103121,1,1,0.0,0,0,
-72.02314925193787,1788102717.104509,1,1,0.0,0,0,
-70.0209653377533,1788102719.106693,1,1,0.0,0,0,
-68.01973628997803,1788102721.107922,1,1,0.0,0,0,
-66.01806926727295,1788102723.109589,1,1,0.0,0,0,
-64.01663041114807,1788102725.111028,1,1,0.0,0,0,
-62.01485633850098,1788102727.112802,1,1,0.0,0,0,
-60.01346731185913,1788102729.114191,1,1,0.0,0,0,
-58.011834383010864,1788102731.115824,1,1,0.0,0,0,
-56.0103874206543,1788102733.117271,1,1,0.0,0,0,
-54.00855326652527,1788102735.119105,1,1,0.0,0,0,
-52.007129430770874,1788102737.120529,1,1,0.0,0,0,
-50.00515937805176,1788102739.122499,1,1,0.0,0,0,
-48.00324034690857,1788102741.124418,1,1,0.0,0,0,
-44.247236251831055,1788102744.880422,1,1,0.0,0,0,
-42.24574828147888,1788102746.88191,1,1,0.0,0,0,
-40.244009256362915,1788102748.883649,1,1,0.0,0,0,
-38.243688344955444,1788102750.88397,1,1,0.0,0,0,
-36.241833448410034,1788102752.885825,1,1,0.0,0,0,
-34.23997139930725,1788102754.887687,1,1,0.0,0,0,
-32.239052295684814,1788102756.888606,1,1,0.0,0,0,
-30.237799406051636,1788102758.889859,1,1,0.0,0,0,
-28.236156463623047,1788102760.891502,1,1,0.0,0,0,
-26.2346932888031,1788102762.892965,1,1,0.0,0,0,
-24.233306407928467,1788102764.894352,1,1,0.0,0,0,
-22.231548309326172,1788102766.89611,1,1,0.0,0,0,
-20.230132341384888,1788102768.897526,1,1,0.0,0,0,
-18.229318380355835,1788102770.89834,1,1,0.0,0,0,
-16.22868847846985,1788102772.89897,1,1,0.0,0,0,
-14.22826337814331,1788102774.899395,1,1,0.0,0,0,
-10.461413383483887,1788102778.666245,1,1,0.0,0,0,
-8.459569454193115,1788102780.668089,1,1,0.0,0,0,
-6.458419322967529,1788102782.669239,1,1,0.0,0,0,
-4.457311391830444,1788102784.670347,1,1,0.0,0,0,
-2.456651449203491,1788102786.671007,1,1,0.0,0,0,
-0.4554574489593506,1788102788.672201,1,1,0.0,0,0,
1.546257734298706,1788102790.673916,1,1,1.831,1,0,
3.5475776195526123,1788102792.675236,1,1,1.668,2,0,
5.549092531204224,1788102794.676751,1,1,1.668,0,1,DROP_INSTALLED
7.550035715103149,1788102796.677694,1,1,71.534,0,1,BLOCK_ACTIVE
9.552308559417725,1788102798.679967,1,1,20.58,0,1,BLOCK_ACTIVE
11.553041696548462,1788102800.6807,1,1,20.578,0,1,BLOCK_ACTIVE
13.554972648620605,1788102802.682631,1,1,20.584,0,1,BLOCK_ACTIVE
15.556078672409058,1788102804.683737,1,1,15.81,0,1,BLOCK_ACTIVE
17.557674646377563,1788102806.685333,1,1,0.001,0,1,BLOCK_ACTIVE
19.560017585754395,1788102808.687676,1,1,0.0,0,1,BLOCK_ACTIVE
23.335773706436157,1788102812.463432,1,1,0.0,0,1,BLOCK_ACTIVE
25.336848735809326,1788102814.464507,1,1,0.001,0,1,BLOCK_ACTIVE
27.338830709457397,1788102816.466489,1,1,0.0,0,0,
29.34014368057251,1788102818.467802,1,1,0.0,0,0,
31.341810703277588,1788102820.469469,1,1,0.004,0,0,
33.34319853782654,1788102822.470857,1,1,0.0,0,0,
35.345757722854614,1788102824.473416,1,1,0.0,0,0,
37.346534729003906,1788102826.474193,1,1,0.0,0,0,
39.34783172607422,1788102828.47549,1,1,0.0,0,0,
41.349294662475586,1788102830.476953,1,1,0.0,0,0,
43.35080051422119,1788102832.478459,1,1,0.0,0,0,
45.3524706363678,1788102834.480129,1,1,0.0,0,0,
47.35399651527405,1788102836.481655,1,1,0.0,0,0,
49.35605454444885,1788102838.483713,1,1,0.0,0,0,
51.357088565826416,1788102840.484747,1,1,0.0,0,0,
53.35877752304077,1788102842.486436,1,1,0.0,0,0,
57.25838565826416,1788102846.386044,1,1,0.0,0,0,
59.26060461997986,1788102848.388263,1,1,0.0,0,0,
61.26078963279724,1788102850.388448,1,1,0.0,0,0,
63.26244568824768,1788102852.390104,1,1,0.0,0,0,
65.26344060897827,1788102854.391099,1,1,0.0,0,0,
67.26561164855957,1788102856.39327,1,1,0.0,0,0,
69.26705574989319,1788102858.394714,1,1,0.0,0,0,
71.26700758934021,1788102860.394666,1,1,0.0,0,0,
73.268319606781,1788102862.395978,1,1,0.0,0,0,
75.26935052871704,1788102864.397009,1,1,0.0,0,0,
77.27167558670044,1788102866.399334,1,1,0.0,0,0,
79.27354764938354,1788102868.401206,1,1,0.0,0,0,
81.2751796245575,1788102870.402838,1,1,0.0,0,0,
83.27498769760132,1788102872.402646,1,1,0.0,0,0,
85.27733564376831,1788102874.404994,1,1,0.0,0,0,
87.27822256088257,1788102876.405881,1,1,0.0,0,0,
91.12422466278076,1788102880.251883,1,1,0.0,0,0,
93.12525963783264,1788102882.252918,1,1,0.0,0,0,
95.1263906955719,1788102884.254049,1,1,0.0,0,0,
97.12650752067566,1788102886.254166,1,1,0.0,0,0,
99.12790751457214,1788102888.255566,1,1,0.0,0,0,
101.12893867492676,1788102890.256597,1,1,0.0,0,0,
103.1303915977478,1788102892.25805,1,1,0.0,0,0,
105.1342716217041,1788102894.26193,1,1,0.0,0,0,
107.13465762138367,1788102896.262316,1,1,0.0,0,0,
109.13508367538452,1788102898.262742,1,1,0.0,0,0,
111.13636255264282,1788102900.264021,1,1,0.0,0,0,
113.13792061805725,1788102902.265579,1,1,0.0,0,0,
115.14082765579224,1788102904.268486,1,1,0.0,0,0,
117.14145469665527,1788102906.269113,1,1,0.0,0,0,
119.14234066009521,1788102908.269999,1,1,0.0,0,0,
121.14408564567566,1788102910.271744,1,1,0.0,0,0,
124.89855766296387,1788102914.026216,1,1,0.0,0,0,
126.89988851547241,1788102916.027547,1,1,0.0,0,0,
128.90151572227478,1788102918.029174,1,1,0.0,0,0,
130.90217351913452,1788102920.029832,1,1,0.0,0,0,
132.90447068214417,1788102922.032129,1,1,0.0,0,0,
134.90568661689758,1788102924.033345,1,1,0.0,0,0,
136.90781474113464,1788102926.035473,1,1,0.0,0,0,
138.90894770622253,1788102928.036606,1,1,0.0,0,0,
140.91158652305603,1788102930.039245,1,1,0.0,0,0,
142.91168069839478,1788102932.039339,1,1,0.0,0,0,
144.91259670257568,1788102934.040255,1,1,0.0,0,0,
146.9145655632019,1788102936.042224,1,1,0.0,0,0,
148.91701865196228,1788102938.044677,1,1,0.0,0,0,
150.91760873794556,1788102940.045267,1,1,0.0,0,0,
152.9187605381012,1788102942.046419,1,1,0.0,0,0,
154.92096972465515,1788102944.048628,1,1,0.0,0,0,
158.81710767745972,1788102947.944766,1,1,0.0,0,0,
160.81826758384705,1788102949.945926,1,1,0.0,0,0,
162.81924772262573,1788102951.946906,1,1,0.0,0,0,
164.82075762748718,1788102953.948416,1,1,0.0,0,0,
166.8213016986847,1788102955.94896,1,1,0.0,0,0,
168.82250666618347,1788102957.950165,1,1,0.0,0,0,
170.8246467113495,1788102959.952305,1,1,0.0,0,0,
172.8263397216797,1788102961.953998,1,1,0.0,0,0,
174.82735466957092,1788102963.955013,1,1,0.0,0,0,
176.82875061035156,1788102965.956409,1,1,0.0,0,0,
178.8302767276764,1788102967.957935,1,1,0.0,0,0,
180.83113956451416,1788102969.958798,1,1,0.0,0,0,
182.83176064491272,1788102971.959419,1,1,0.0,0,0,
184.83512353897095,1788102973.962782,1,1,0.0,0,0,
186.8364715576172,1788102975.96413,1,1,0.0,0,0,
188.83846163749695,1788102977.96612,1,1,0.0,0,0,
192.67536759376526,1788102981.803026,1,1,0.0,0,0,
194.6775255203247,1788102983.805184,1,1,0.0,0,0,
196.6789586544037,1788102985.806617,1,1,0.0,0,0,
198.68000960350037,1788102987.807668,1,1,0.0,0,0,
200.6820456981659,1788102989.809704,1,1,0.0,0,0,
202.68402862548828,1788102991.811687,1,1,0.0,0,0,
204.6861765384674,1788102993.813835,1,1,0.0,0,0,
206.6875286102295,1788102995.815187,1,1,0.0,0,0,
208.68898153305054,1788102997.81664,1,1,0.0,0,0,
210.6902506351471,1788102999.817909,1,1,0.0,0,0,
212.69103574752808,1788103001.818694,1,1,0.0,0,0,
214.69224071502686,1788103003.819899,1,1,0.0,0,0,
216.69289469718933,1788103005.820553,1,1,0.0,0,0,
218.6941635608673,1788103007.821822,1,1,0.0,0,0,
220.6975495815277,1788103009.825208,1,1,0.0,0,0,
222.69804167747498,1788103011.8257,1,1,0.0,0,0,
226.61343264579773,1788103015.741091,1,1,0.0,0,0,
228.61530256271362,1788103017.742961,1,1,0.0,0,0,
230.61815667152405,1788103019.745815,1,1,0.0,0,0,
232.61868166923523,1788103021.74634,1,1,0.0,0,0,
234.62148571014404,1788103023.749144,1,1,0.0,0,0,
236.6220726966858,1788103025.749731,1,1,0.0,0,0,
238.623530626297,1788103027.751189,1,1,0.0,0,0,
240.62432074546814,1788103029.751979,1,1,0.0,0,0,
242.62493062019348,1788103031.752589,1,1,0.0,0,0,
244.6260576248169,1788103033.753716,1,1,0.0,0,0,
246.62739062309265,1788103035.755049,1,1,0.0,0,0,
248.62902975082397,1788103037.756688,1,1,0.0,0,0,
250.6307396888733,1788103039.758398,1,1,0.0,0,0,
252.63092756271362,1788103041.758586,1,1,0.0,0,0,
254.6331205368042,1788103043.760779,1,1,0.0,0,0,
256.63359475135803,1788103045.761253,1,1,0.0,0,0,
258.6347396373749,1788103047.762398,1,1,0.0,0,0,
262.7303056716919,1788103051.857964,1,1,0.0,0,0,
264.7532217502594,1788103053.88088,1,1,0.0,0,0,
266.7541036605835,1788103055.881762,1,1,0.0,0,0,
268.755375623703,1788103057.883034,1,1,0.0,0,0,
270.7567195892334,1788103059.884378,1,1,0.0,0,0,
272.7577295303345,1788103061.885388,1,1,0.0,0,0,
274.759450674057,1788103063.887109,1,1,0.0,0,0,
276.76035261154175,1788103065.888011,1,1,0.0,0,0,
278.7617766857147,1788103067.889435,1,1,0.0,0,0,
280.7630846500397,1788103069.890743,1,1,0.0,0,0,
282.76436471939087,1788103071.892023,1,1,0.0,0,0,
284.7651286125183,1788103073.892787,1,1,0.0,0,0,
286.76707553863525,1788103075.894734,1,1,0.0,0,0,
288.7687876224518,1788103077.896446,1,1,0.0,0,0,
290.77184653282166,1788103079.899505,1,1,0.0,0,0,
292.7736165523529,1788103081.901275,1,1,0.0,0,0,
296.78647661209106,1788103085.914135,1,1,0.0,0,0,
298.7882356643677,1788103087.915894,1,1,0.0,0,0,
300.78974652290344,1788103089.917405,1,1,0.0,0,0,
302.7906527519226,1788103091.918311,1,1,0.0,0,0,
304.79164958000183,1788103093.919308,1,1,0.0,0,0,
306.7933306694031,1788103095.920989,1,1,0.0,0,0,
308.7956557273865,1788103097.923314,1,1,0.0,0,0,
310.79618859291077,1788103099.923847,1,1,0.0,0,0,
