scenario,timestamp,sample_time_s,attack_relative_s,rtt_ms
E1,1788101434.866718,0.0,,3.56
E1,1788101435.365311,0.4985928535461426,,0.696
E1,1788101435.86474,0.9980218410491943,,0.103
E1,1788101436.380748,1.5140299797058105,,0.041
E1,1788101436.892801,2.026082992553711,,0.049
E1,1788101437.404808,2.5380899906158447,,0.07
E1,1788101437.916891,3.050173044204712,,0.095
E1,1788101438.428929,3.562211036682129,,0.1
E1,1788101438.940803,4.074084997177124,,0.064
E1,1788101439.452912,4.586194038391113,,0.098
E1,1788101439.964867,5.098149061203003,,0.059
E1,1788101440.476807,5.610089063644409,,0.062
E1,1788101440.988884,6.12216591835022,,0.098
E1,1788101441.500827,6.634109020233154,,0.044
E1,1788101442.012832,7.146113872528076,,0.047
E1,1788101442.524767,7.658048868179321,,0.05
E1,1788101443.036762,8.1700439453125,,0.049
E1,1788101443.548769,8.682050943374634,,0.048
E1,1788101444.060838,9.194119930267334,,0.082
E1,1788101444.572894,9.706176042556763,,0.087
E1,1788101445.084904,10.218185901641846,,0.068
E1,1788101445.596964,10.73024582862854,,0.173
E1,1788101446.108878,11.242159843444824,,0.064
E1,1788101446.62074,11.754021883010864,,0.044
E1,1788101447.13282,12.266101837158203,,0.038
E1,1788101447.644782,12.778064012527466,,0.055
E1,1788101449.967893,15.10117483139038,,0.047
E1,1788101450.479906,15.613188028335571,,0.049
E1,1788101450.991838,16.125119924545288,,0.036
E1,1788101451.503917,16.63719892501831,,0.031
E1,1788101452.015842,17.149123907089233,,0.031
E1,1788101452.527909,17.6611909866333,,0.051
E1,1788101453.039889,18.173171043395996,,0.058
E1,1788101453.551875,18.68515706062317,,0.037
E1,1788101454.064031,19.197312831878662,,0.185
E1,1788101454.575842,19.709123849868774,,0.029
E1,1788101455.087915,20.22119688987732,,0.058
E1,1788101455.599952,20.73323392868042,,0.044
E1,1788101456.111885,21.245167016983032,,0.041
E1,1788101456.623881,21.757163047790527,,0.065
E1,1788101457.135834,22.269115924835205,,0.037
E1,1788101457.64787,22.78115200996399,,0.022
E1,1788101458.159845,23.293127059936523,,0.035
E1,1788101458.671852,23.805134057998657,,0.034
E1,1788101459.183918,24.31719994544983,,0.052
E1,1788101459.69589,24.829171895980835,,0.043
E1,1788101460.207851,25.341132879257202,,0.03
E1,1788101460.719902,25.85318398475647,,0.051
E1,1788101461.231939,26.36522102355957,,0.051
E1,1788101461.743883,26.877164840698242,,0.054
E1,1788101462.255858,27.389139890670776,,0.045
E1,1788101462.767884,27.90116596221924,,0.035
E1,1788101463.27994,28.413221836090088,,0.095
E1,1788101463.791857,28.9251389503479,,0.034
E1,1788101464.303891,29.437172889709473,,0.046
E1,1788101464.815921,29.94920301437378,,0.034
E1,1788101465.327926,30.4612078666687,,0.053
E1,1788101465.83992,30.973201990127563,,0.057
E1,1788101466.351898,31.485179901123047,,0.062
E1,1788101466.863937,31.99721884727478,,0.051
E2,1788101617.05507,0.0,-21.316801071166992,0.226
E2,1788101617.555621,0.5005509853363037,-20.81625008583069,0.069
E2,1788101618.067655,1.012585163116455,-20.304215908050537,0.047
E2,1788101620.4037,3.34863018989563,-17.968170881271362,0.051
E2,1788101620.915992,3.86092209815979,-17.455878973007202,0.332
E2,1788101621.427748,4.37267804145813,-16.944123029708862,0.067
E2,1788101621.939773,4.884703159332275,-16.432097911834717,0.049
E2,1788101622.451752,5.396682024002075,-15.920119047164917,0.051
E2,1788101622.963718,5.9086480140686035,-15.408153057098389,0.029
E2,1788101623.475678,6.420608043670654,-14.896193027496338,0.028
E2,1788101623.987718,6.932648181915283,-14.384152889251709,0.046
E2,1788101624.499729,7.444658994674683,-13.87214207649231,0.05
E2,1788101625.011719,7.9566490650177,-13.360152006149292,0.04
E2,1788101625.523654,8.468584060668945,-12.848217010498047,0.025
E2,1788101626.035681,8.980611085891724,-12.336189985275269,0.037
E2,1788101626.547729,9.492659091949463,-11.82414197921753,0.035
E2,1788101627.059658,10.00458812713623,-11.312212944030762,0.034
E2,1788101627.571701,10.516631126403809,-10.800169944763184,0.026
E2,1788101628.083698,11.02862811088562,-10.288172960281372,0.047
E2,1788101628.59574,11.540670156478882,-9.77613091468811,0.024
E2,1788101629.111679,12.056609153747559,-9.260191917419434,0.026
E2,1788101629.619736,12.564666032791138,-8.752135038375854,0.062
E2,1788101630.131647,13.076577186584473,-8.24022388458252,0.024
E2,1788101630.64366,13.588590145111084,-7.728210926055908,0.026
E2,1788101631.155649,14.100579023361206,-7.216222047805786,0.026
E2,1788101631.667657,14.612586975097656,-6.704214096069336,0.026
E2,1788101632.179688,15.12461805343628,-6.192183017730713,0.038
E2,1788101632.691689,15.636619091033936,-5.680181980133057,0.033
E2,1788101633.203694,16.148624181747437,-5.168176889419556,0.048
E2,1788101633.715678,16.660608053207397,-4.656193017959595,0.038
E2,1788101634.227679,17.172609090805054,-4.1441919803619385,0.041
E2,1788101634.739728,17.68465805053711,-3.632143020629883,0.055
E2,1788101635.25173,18.196660041809082,-3.12014102935791,0.052
E2,1788101635.76365,18.708580017089844,-2.6082210540771484,0.026
E2,1788101636.275706,19.220636129379272,-2.0961649417877197,0.049
E2,1788101636.787716,19.732645988464355,-1.5841550827026367,0.047
E2,1788101637.299655,20.244585037231445,-1.0722160339355469,0.026
E2,1788101637.811901,20.756831169128418,-0.5599699020385742,0.061
E2,1788101638.3237,21.268630027770996,-0.048171043395996094,0.04
E2,1788101638.835721,21.780651092529297,0.4638500213623047,0.052
E2,1788101639.347686,22.29261612892151,0.9758150577545166,0.037
E2,1788101639.859657,22.8045871257782,1.487786054611206,0.027
E2,1788101640.371689,23.316619157791138,1.9998180866241455,0.032
E2,1788101640.88374,23.828670024871826,2.511868953704834,0.05
E2,1788101641.395673,24.34060311317444,3.0238020420074463,0.038
E2,1788101642.187675,25.13260507583618,3.8158040046691895,280.0
E2,1788101642.72898,25.67391014099121,4.357109069824219,336.0
E2,1788101643.210715,26.15564513206482,4.838844060897827,338.0
E2,1788101643.692456,26.637386083602905,5.320585012435913,337.0
E2,1788101644.17419,27.119120121002197,5.802319049835205,338.0
E2,1788101644.655906,27.600836038589478,6.284034967422485,339.0
E2,1788101645.135232,28.080162048339844,6.763360977172852,337.0
E2,1788101645.617024,28.561954021453857,7.245152950286865,337.0
E2,1788101646.098842,29.043771982192993,7.726970911026001,338.0
E2,1788101646.580539,29.525469064712524,8.208667993545532,338.0
E2,1788101647.060056,30.00498604774475,8.688184976577759,336.0
E2,1788101647.544163,30.48909306526184,9.172291994094849,338.0
E2,1788101648.025886,30.970816135406494,9.654015064239502,339.0
E2,1788101648.507635,31.45256519317627,10.135764122009277,339.0
E2,1788101648.986947,31.93187713623047,10.615076065063477,337.0
E2,1788101649.468769,32.41369915008545,11.096898078918457,337.0
E2,1788101649.950421,32.89535117149353,11.578550100326538,337.0
E2,1788101650.432157,33.377087116241455,12.060286045074463,337.0
E2,1788101650.913923,33.85885310173035,12.542052030563354,339.0
E2,1788101651.395651,34.34058117866516,13.023780107498169,338.0
E2,1788101651.874928,34.81985807418823,13.50305700302124,337.0
E2,1788101652.356648,35.30157804489136,13.984776973724365,336.0
E2,1788101654.453723,37.39865303039551,16.081851959228516,226.0
E2,1788101654.948041,37.89297103881836,16.576169967651367,225.0
E2,1788101655.442086,38.38701605796814,17.070214986801147,225.0
E3,1788102769.249371,0.0,-19.878287315368652,2.73
E3,1788102769.747913,0.49854183197021484,-19.379745483398438,0.216
E3,1788102770.274922,1.0255508422851562,-18.852736473083496,0.065
E3,1788102770.786837,1.537466049194336,-18.340821266174316,0.044
E3,1788102771.298863,2.0494918823242188,-17.828795433044434,0.053
E3,1788102771.811015,2.5616438388824463,-17.316643476486206,0.123
E3,1788102772.322873,3.0735020637512207,-16.80478525161743,0.05
E3,1788102772.83482,3.585448980331421,-16.29283833503723,0.034
E3,1788102773.346907,4.097535848617554,-15.780751466751099,0.04
E3,1788102773.858911,4.609539985656738,-15.268747329711914,0.045
E3,1788102774.37085,5.121479034423828,-14.756808280944824,0.057
E3,1788102774.88283,5.633458852767944,-14.244828462600708,0.049
E3,1788102777.159973,7.910601854324341,-11.967685461044312,0.066
E3,1788102777.671991,8.422620058059692,-11.45566725730896,0.066
E3,1788102778.183992,8.93462085723877,-10.943666458129883,0.057
E3,1788102778.69596,9.44658899307251,-10.431698322296143,0.032
E3,1788102779.207983,9.958611965179443,-9.919675350189209,0.029
E3,1788102779.719978,10.470607042312622,-9.40768027305603,0.049
E3,1788102780.231974,10.982602834701538,-8.895684480667114,0.062
E3,1788102780.74395,11.494578838348389,-8.383708477020264,0.039
E3,1788102781.256043,12.006671905517578,-7.871615409851074,0.088
E3,1788102781.767955,12.51858401298523,-7.359703302383423,0.031
E3,1788102782.280013,13.030642032623291,-6.847645282745361,0.065
E3,1788102782.79194,13.542568922042847,-6.335718393325806,0.033
E3,1788102783.30397,14.054599046707153,-5.823688268661499,0.06
E3,1788102783.815936,14.566565036773682,-5.311722278594971,0.029
E3,1788102784.327986,15.078614950180054,-4.799672365188599,0.032
E3,1788102784.839921,15.590549945831299,-4.2877373695373535,0.025
E3,1788102785.352032,16.10266089439392,-3.7756264209747314,0.026
E3,1788102785.863934,16.61456298828125,-3.2637243270874023,0.031
E3,1788102786.375968,17.126596927642822,-2.75169038772583,0.049
E3,1788102786.887944,17.638572931289673,-2.2397143840789795,0.03
E3,1788102787.399917,18.150545835494995,-1.7277414798736572,0.024
E3,1788102787.911988,18.662616968154907,-1.2156703472137451,0.056
E3,1788102788.423918,19.17454695701599,-0.7037403583526611,0.023
E3,1788102788.935948,19.68657684326172,-0.1917104721069336,0.034
E3,1788102789.689651,20.440279960632324,0.5619926452636719,242.0
E3,1788102790.271492,21.0221209526062,1.1438336372375488,337.0
E3,1788102790.753241,21.503870010375977,1.6255826950073242,338.0
E3,1788102791.234997,21.985625982284546,2.1073386669158936,338.0
E3,1788102791.714305,22.4649338722229,2.586646556854248,336.0
E3,1788102792.198383,22.94901204109192,3.0707247257232666,338.0
E3,1788102792.677775,23.428403854370117,3.550116539001465,336.0
E3,1788102793.161841,23.9124698638916,4.034182548522949,338.0
E3,1788102793.641168,24.391797065734863,4.513509750366211,336.0
E3,1788102794.12533,24.875958919525146,4.997671604156494,338.0
E3,1788102794.607076,25.357704877853394,5.479417562484741,339.0
E3,1788102795.064947,25.81557583808899,5.937288522720337,315.0
E3,1788102795.458468,26.209096908569336,6.330809593200684,226.0
E3,1788102795.944979,26.695607900619507,6.8173205852508545,224.0
E3,1788102796.433982,27.184610843658447,7.306323528289795,226.0
E3,1788102796.922825,27.67345404624939,7.795166730880737,227.0
E3,1788102797.409243,28.15987205505371,8.281584739685059,226.0
E3,1788102797.895725,28.64635396003723,8.768066644668579,224.0
E3,1788102798.384609,29.1352379322052,9.256950616836548,226.0
E3,1788102798.871109,29.621737957000732,9.74345064163208,224.0
E3,1788102799.360046,30.11067485809326,10.23238754272461,225.0
E3,1788102799.848837,30.59946584701538,10.721178531646729,226.0
E3,1788102800.256769,31.007397890090942,11.12911057472229,146.0
E3,1788102800.662125,31.41275405883789,11.534466743469238,57.9
E3,1788102801.101711,31.85233998298645,11.974052667617798,0.05
E3,1788102801.608004,32.358633041381836,12.480345726013184,0.069
E3,1788102802.120029,32.8706579208374,12.99237060546875,0.049
E3,1788102802.631956,33.38258504867554,13.504297733306885,0.042
E3,1788102803.14397,33.894598960876465,14.016311645507812,0.045
E3,1788102803.655961,34.4065899848938,14.528302669525146,0.05
E3,1788102804.16797,34.918598890304565,15.040311574935913,0.05
E3,1788102804.679936,35.430564880371094,15.552277565002441,0.032
E3,1788102805.191916,35.94254493713379,16.064257621765137,0.026
E3,1788102805.703945,36.4545738697052,16.576286554336548,0.036
